{"cameraMode":{"drawMode":0,"name":"Shaded","section":"Shading Mode"},"sceneLighting":true,"audioPlay":false,"sceneViewState":{"showFog":true,"showMaterialUpdate":false,"showSkybox":true,"showFlares":true,"showImageEffects":true,"showParticleSystems":true},"in2DMode":false,"pivot":{"x":-1.8130216598510743,"y":0.14056634902954102,"z":-2.5754177570343019},"rotation":{"x":-0.17058326303958894,"y":0.725522518157959,"z":-0.1940211057662964,"w":-0.6378718614578247},"size":14.263474464416504,"orthographic":false}