{"cameraMode":{"drawMode":0,"name":"Shaded","section":"Shading Mode"},"sceneLighting":true,"audioPlay":false,"sceneViewState":{"showFog":true,"showMaterialUpdate":false,"showSkybox":true,"showFlares":true,"showImageEffects":true,"showParticleSystems":true},"in2DMode":false,"pivot":{"x":-3.06964373588562,"y":-3.622821807861328,"z":-4.004899024963379},"rotation":{"x":-0.354281485080719,"y":0.5980882048606873,"z":-0.3324364721775055,"w":-0.6373898386955261},"size":14.293922424316407,"orthographic":false}